size,nonblocking,blocking_k,blocking_m,blocking_mk
32,3.17804,2.7176,2.85755,3.3225
64,2.91417,2.83303,2.5353,3.48121
128,2.30531,2.88123,2.15228,3.5499
256,2.04562,2.90747,1.98353,3.39871
512,1.92818,1.74392,1.90118,1.77904
1024,1.88058,1.71835,1.86466,1.72459
2048,1.76328,0.603492,1.73986,0.6333
4096,1.68469,0.486689,1.69574,0.503421
8192,1.68797,0.462119,1.6813,0.462933
