size,nonblocking,blocking_k,blocking_m,blocking_mk
32,3.1683,2.69745,2.84073,3.29307
64,2.8979,2.8018,2.60745,3.45349
128,2.28888,2.85816,2.14293,3.50462
256,2.03166,2.88108,1.97344,3.38749
512,1.91182,1.72946,1.87898,1.75542
1024,1.86187,1.70828,1.85134,1.70626
2048,1.73082,0.586314,1.71853,0.617725
4096,1.70448,0.486438,1.67244,0.501687
8192,1.7083,0.462949,1.6608,0.464107
