size,nonblocking,blocking_k,blocking_m,blocking_mk
32,3.27928,3.31264,2.8821,2.67901
64,2.95134,3.48273,2.93706,2.83458
128,2.29387,3.54553,2.93524,2.65782
256,2.03378,3.21011,2.93755,2.36038
512,1.92769,1.73842,2.83043,1.45849
1024,1.86513,1.71523,2.82072,1.50959
2048,1.7446,0.613388,2.68591,0.561929
4096,1.66652,0.485811,2.46899,0.42266
8192,1.66353,0.460359,2.42759,0.378755
