size,nonblocking,blocking_k,blocking_m,blocking_mk
32,1.14158,1.07338,1.08475,0.942476
64,1.02824,1.1869,0.900517,1.0155
128,0.811511,1.204,0.791727,1.03805
256,0.809501,1.30299,0.872964,1.26944
512,0.987741,1.35226,1.27507,1.64375
1024,1.82475,1.70017,1.88127,1.73716
2048,1.69758,0.592053,1.70405,0.634334
4096,1.62055,0.478147,1.65416,0.501126
8192,1.62132,0.451303,1.63951,0.455709
