size,nonblocking,blocking_k,blocking_m,blocking_mk
32,0.907492,0.885973,0.771794,0.730648
64,0.718451,0.940221,0.751678,0.93006
128,0.741147,1.14195,0.78214,1.51735
256,1.04316,1.75591,1.56877,2.29237
512,1.66888,1.46295,1.80346,1.5508
1024,1.77417,1.60347,1.80175,1.66829
2048,1.74006,0.593867,1.70858,0.625759
4096,1.63605,0.483038,1.56177,0.443201
8192,1.57575,0.458605,1.5763,0.459369
