size, mnk, mkn, kmn, knm, nkm, nmk
2, 0.225352, 0.235294, 0.32, 0.347826, 0.32, 0.301887
4, 0.785276, 0.771084, 0.815287, 0.842105, 0.888889, 0.984615
8, 1.17162, 1.13904, 1.20612, 1.21615, 1.35809, 1.54917
16, 0.522816, 1.79492, 1.36374, 1.4013, 1.58086, 1.37059
32, 1.22665, 0.932379, 1.08383, 1.3844, 1.99071, 2.26337
64, 1.51439, 1.82222, 2.22998, 1.36807, 1.46742, 1.39018
128, 0.889012, 2.5233, 2.17676, 0.782317, 0.838108, 1.26344
256, 0.971555, 2.78894, 2.57075, 0.481469, 0.452789, 0.965265
512, 0.595982, 2.64134, 2.63824, 0.350306, 0.366154, 0.618671
