Array Size (bytes), Bandwidth (GB/s)
1,3.17663
2,3.05531
4,3.15515
8,3.17817
16,3.16364
32,2.99284
64,3.18514
128,3.16248
256,3.17894
512,3.02652
1024,3.08266
2048,3.1714
4096,3.1614
8192,2.72409
16384,2.69201
32768,3.63683
65536,3.27316
131072,3.69429
262144,2.75193
524288,3.30219
1048576,2.28139
2097152,3.22824
4194304,3.02266
8388608,3.21137
16777216,3.8145
