Array Size (bytes), Bandwidth (GB/s)
24,6.87982
48,7.84366
96,8.3763
192,9.34266
384,9.35161
768,8.283
1536,7.66479
3072,6.0055
6144,8.47385
12288,7.73422
24576,8.66518
49152,8.59739
98304,7.52502
196608,7.93903
240000,8.27921
393216,7.81403
786432,7.44735
960000,7.70609
1200000,7.1215
1572864,7.04055
2400000,7.94599
2760000,7.91057
3145728,8.03404
3600000,7.44489
4800000,7.607
6291456,7.43302
12582912,7.26749
16800000,7.60132
19200000,7.06072
25165824,7.66378
